customer_id, name, phone, address, email
149186547,Angel Daniel,(873)222-2692x09480,"USNS Davis
FPO AP 78518",rmiller@boyer.com
475925688,Matthew Wilson,(264)225-7425,"42023 Barrett Path Suite 281
Jeremyborough, OH 72889",matthew15@ramirez.com
112231541,Jennifer Phelps,248.695.2117,"392 Smith Corners Apt. 737
East Angeltown, MO 64086",echristian@hotmail.com
708283326,Jonathan Cook,0756633727,"657 Landry Way Suite 966
Robinsonfurt, CA 22461",zjones@yahoo.com
959234562,Lindsay Garcia,001-158-358-0277,"906 Justin Locks Apt. 838
Port Timothyview, AR 68865",juliamatthews@carpenter.com
243553915,Eric Klein,9179003714,"0571 Carroll Cliffs
Davisstad, WI 00721",acostajoshua@hotmail.com
7005498,Ashley Adams,(224)273-1751x2329,"660 Marcus Camp Suite 262
Port Stevenmouth, NC 10819",elambert@cook.info
724330039,Meghan Nguyen,767.278.8207,"259 Jared Manor
Brownville, AZ 52844",hhughes@randolph-ingram.com
643387222,Ryan Richards,001-398-345-1521x215,"695 Francis Cliffs
Port Bryantown, VT 33873",phillipcarter@hotmail.com
215716832,Janice Alexander,+1-411-073-0697x704,"81268 Hamilton Fort
Fitzgeraldfort, ID 71489",matthew55@leach-blackburn.com
92651576,Katherine Dunn,6081126986,"837 Schneider Spur Suite 656
Darrellmouth, WI 33323",golson@davis.info
724488250,Brett Odom,550.725.0901,"952 Barbara Turnpike
Jacquelinebury, MO 71346",colemanjames@chavez.info
265881315,Jenna Scott,404-358-1223x371,"Unit 1694 Box 1865
DPO AE 26667",rogerseric@hotmail.com
401149568,Andrew Johns,894-499-5852x2479,"62457 Booth Mews Apt. 453
Lake Vincentport, DE 49208",lorinelson@hotmail.com
778029406,Christine Curtis,554.861.0493x592,"2480 Jesse Unions Suite 534
East Antonioshire, MS 71510",christopherferguson@acevedo-robertson.info
307805784,Madison Jones,149.766.5747,"USNS Ferguson
FPO AP 50263",wattsdavid@morgan-wheeler.com
484837788,Tracy Simmons,0383343588,"76775 Jennifer Orchard Apt. 758
Port Lance, NH 53890",bryan30@williams.com
962795476,Shelby Wolf,7506854443,"613 Billy Radial Suite 171
South Benjamin, WY 15230",daniel46@gmail.com
965030358,Kyle Jackson,001-392-237-6541x8420,"24896 Helen Rapid Suite 758
New Joseph, MN 97017",pwheeler@yahoo.com
644042817,Linda Shepard,2931087130,"4947 Reynolds Islands
Kathleenburgh, DE 96988",munozcharles@yahoo.com
689720635,Kathleen Brady,2253893664,"Unit 6453 Box 5308
DPO AA 48049",victoria31@gmail.com
800125157,Bobby Luna,001-549-919-1859,"2923 Michael Fords Suite 316
Dustinton, IN 31032",kathryn43@hotmail.com
268619593,Richard Lopez,+1-418-560-8033x44588,"6875 Hill Forks
Teresaland, AL 58910",justinallen@quinn.info
625774276,Ralph Bush,+1-866-778-9252x6524,"03975 Mills Square Apt. 322
Port Claudia, MI 34792",bradleyamy@doyle.com
569906245,David Webb,993.305.1410,"3613 Laura Ridges Suite 762
South Theresa, VA 98493",stevenrodriguez@gmail.com
328037408,Kim Russell,001-136-251-3102x24346,"887 Kelley Walk Apt. 960
East Martha, CT 59649",cindy11@wood.com
969677194,Michael Holt,882-041-3572,"3499 David Lake Suite 745
South Dylan, AK 03041",rmiller@hubbard-benitez.com
796337665,Mr. Justin Cook,737.675.5823,"Unit 9907 Box 4757
DPO AE 46640",ofritz@richards.com
636808209,Timothy Wood,001-948-037-6474,"836 Bates Points
Port Andrewshire, GA 83721",christina78@yahoo.com
975617669,Yolanda Hines,(659)333-4905,"812 Mccarthy Viaduct Apt. 376
Kristinamouth, AL 43563",cscott@hotmail.com
569390187,Jasmine Kelly,843-277-1394,"697 Reynolds Dam Apt. 423
Jacobland, MO 89387",fitzgeraldelizabeth@yahoo.com
325459789,Robert Smith,001-595-596-1706x9253,"Unit 2774 Box 4368
DPO AE 01041",smithtimothy@wallace.com
325603096,Jonathan Smith,796.397.5185x7448,"322 Smith Pines Suite 052
Lake Scotthaven, NM 11543",debragriffin@hotmail.com
819212515,Erin Marshall,793.145.6997x893,"04382 Edward Mountains Suite 369
Georgeberg, ME 94518",sethsmith@robinson.com
444056964,Mark Ford,+1-407-009-2402,"07900 Friedman Ferry Suite 170
South Christina, WV 53142",millerricardo@hotmail.com
717643055,Cynthia Lee,+1-822-188-2029x6929,"368 Jones Estates Apt. 059
Jonesstad, NY 59968",christinaflores@jones.org
30122773,Sean Hood,+1-348-069-6954x792,"7426 Middleton Hill Suite 303
Millerview, CO 23232",cynthiaevans@hernandez.com
622536043,Kim Stephens,(092)586-3570x54204,"12967 Ryan Shoals Apt. 994
Port Jesse, MO 86007",karen28@johnson.com
747822485,Adam Mckinney,813.559.4153x962,"572 Tammy Forest
Youngside, SD 92567",fwilliams@lewis-wu.org
857630459,Valerie Brown,869.591.7228,"2739 Hood Rest Apt. 962
Johnburgh, UT 27169",qmcgee@gmail.com
204909440,Jason Pace,001-517-371-6236x2223,"19964 Edwards Pines
South Jeremystad, AZ 79080",tjohnson@yahoo.com
241114561,Gregory Anderson,+1-282-173-3048x555,"5395 Brandon Freeway Apt. 858
North Melissa, OR 60184",julie98@cortez.com
494808313,Rebecca Avila,773.248.1617,"78969 Mcguire Springs Suite 562
Port Christopher, NJ 29478",pwilson@sanchez.com
315164793,Morgan Leon,001-853-081-5933x565,"853 Virginia Cape Suite 757
Wilsonport, SC 89614",miranda94@yahoo.com
505327194,Fernando Hunt,5863279231,"9609 Conner Track Apt. 859
Kristenberg, MD 40765",abigailkelly@johnson.net
892962448,Jason Luna,600.123.2569x570,"204 Laura Hill
Craigland, OK 08760",rodriguezrhonda@yahoo.com
394523505,Gregory Howell,213-496-7129x11054,"036 Tyler Groves Suite 302
Danielsfurt, WV 45483",david12@young.org
763963140,Miguel Sharp MD,001-600-899-5324,"47921 Johnson Expressway Suite 742
Oliviaport, PA 16931",sgeorge@ramos-acevedo.net
594590875,Stephanie Acosta,001-365-629-8075x05840,"7067 Henderson Knoll
Joshuashire, NJ 84213",joshuahenderson@pierce-ramos.com
25832528,Julia Davis,674-440-7862,"0246 Brown Roads Suite 606
North Luisburgh, WI 38462",barkerbrent@berg-dougherty.com
97866586,Amy Woods,2338512573,"247 Sheila Centers
North Troybury, WA 43836",paul38@byrd.info
79987146,Julie Dunn,883-656-1878x6532,"758 Ruth Mall
Briggstown, MA 48538",melissawebb@gmail.com
520620439,Nicole Mcdonald,+1-692-758-5774x3951,"7229 Michelle Forges Suite 411
Hardyview, VT 06858",frederickmarshall@evans.biz
260613460,Jennifer Mendoza,203-605-2009x1103,"11916 Katherine Creek
Kathleenport, ND 68479",susanchapman@gmail.com
511962082,Rachel Fisher,650-424-8808,"38507 Newman Loop Suite 268
Tommyberg, UT 25108",bgarcia@johnson.org
527088924,Jorge Thomas,921-668-1704x3013,"013 Tabitha Cliff
Stevenmouth, NJ 04089",jason19@yahoo.com
181982363,Robert Hicks,(335)290-8992,"1639 Delacruz Park
East Linda, DC 18242",powelllarry@hotmail.com
87147005,Terry Watson,(426)053-2668,"0047 Lori Square
East Josechester, KS 29146",kaiserwilliam@hotmail.com
623072602,Carlos Wood,440-516-4972x0722,"53828 Laura Spurs
Lauraville, DE 53316",hillwilliam@hotmail.com
729577216,Richard Weiss,521-212-3209x2220,"316 Robert Dam
North Christina, MA 15552",carla37@gmail.com
696739719,Sarah Clark,853.981.8171,"04967 Nguyen Circle Suite 871
Lake Andrea, NY 87021",wsanchez@christian.com
520971718,Briana Wu,(177)732-3856x95766,"534 Campbell View
Sandersland, FL 59798",rachelsmith@frey.com
785949232,Raven Jordan,001-870-036-3211,"6132 Spencer Corner Apt. 383
Lake Loriberg, MA 96874",rayalexa@yahoo.com
519768710,Angelica Gibbs,+1-378-867-9488x99135,"68574 Coleman Villages Suite 522
North Erikaton, CA 83413",yarnold@smith-bruce.com
64271785,Tammy Jacobs,227.597.0062,"57458 Collier Junctions Suite 288
Lake Nicholas, CT 00530",scottroger@gmail.com
357901640,Michael Evans,6777129275,"921 Ramirez Mount
New Anthonyville, ND 52047",steven80@yahoo.com
830210363,Tony Pham,001-094-782-5703,"Unit 3715 Box 5620
DPO AA 18266",kendrapena@yahoo.com
696962875,Miss Carrie Underwood,0792914312,"USNV Morris
FPO AA 49085",amy45@hotmail.com
896950954,Ryan Russell,001-266-212-7928x22281,"70003 Tiffany Drives
Robertchester, IA 05998",michael78@walters.com
196811583,Kimberly Bennett,(083)724-9058x016,"70851 Daniel Station Apt. 975
Hernandezton, IL 77476",smithmichelle@gmail.com
893866597,Joshua Neal,001-256-341-5493x0374,"1324 William Glens
New Jenniferland, IL 16679",wheelerbrandon@hotmail.com
291010345,Robert Rodriguez,562-175-6225x4306,"9483 Patricia Greens Suite 612
West Daniel, CT 37484",steven70@gmail.com
915064128,Blake Ford,276-740-5323x764,"933 Casey Court Apt. 193
Lake Douglas, AL 33325",wrightsally@hotmail.com
11426912,Chad Garcia,(530)211-7419,"195 Rollins Land Suite 478
North Angelastad, IN 84674",john27@schaefer.com
174039328,Autumn Webb,907-357-6151x4325,"198 Frazier Branch Suite 399
South Sharon, AR 75490",davidreed@hotmail.com
565067343,Elizabeth Singleton,173.672.3805,"87020 Horton Valleys
Rodriguezfurt, WV 03348",jeffreyhahn@dawson-myers.biz
333387701,Sarah Thompson,+1-444-121-3206x307,"Unit 0218 Box 2805
DPO AA 08015",williamchavez@yahoo.com
355405632,Sarah Martin,406-810-6283,"5963 Strong Points
Lake Kayla, SC 51830",earllee@gmail.com
71585472,Pamela Herrera,539.557.9029,"3416 Gregory Rapids Suite 629
North Nicolehaven, IL 93329",cardenasthomas@yahoo.com
708960117,Shannon Horn,(297)388-2854,"USNS Buchanan
FPO AA 82885",brian88@pitts-bush.com
626043010,Christopher Edwards,(204)535-1285x920,"32230 Jeffery Via Apt. 616
West Tanya, WA 77567",pmcclain@castro-humphrey.com
326481119,Brandon Hester,836.687.2362x166,"0169 Summers Vista
West Stuart, UT 98685",huertatracie@yahoo.com
599800533,Mariah Jackson,(382)120-4674,"558 Bryan Isle
New Raymond, AL 55316",eperry@wilson.com
492953650,Carol Lawson,783.291.2840,"747 Miller Point
Georgeton, UT 90920",joneskelsey@hotmail.com
573712035,Heather Collins,+1-960-564-8502x177,"7878 Nelson Stravenue
New Jacob, NE 62801",thomashansen@hotmail.com
56103750,Joshua Delgado,101-802-6501x00181,"741 Morgan Underpass
South Sheila, IL 16740",greenbrandon@gmail.com
867865303,Jerry Greene,(703)649-5080x4789,"60823 Lauren Wall Apt. 074
New Kellyside, MI 21097",jay56@white-wiggins.com
355813998,Connor Wagner,0195959907,"506 Brandy Rapid
Dawsonberg, RI 42470",haley03@boyd-harris.com
118434130,Marcia Randolph,508.559.9292,"327 Roberts Neck
Gonzalezshire, WA 18952",huntrussell@smith.com
779362405,John Price,546-202-9331x88558,"PSC 5622, Box 3709
APO AA 38900",daniel62@powell.com
499561637,Bill Hopkins,288-662-8572,"54675 Matthew Key
Torresstad, ME 64087",briannaweeks@gmail.com
179287266,Ryan Harrison,001-320-723-6362x5909,"66252 Trevor Harbor Apt. 887
Lake Ambertown, TN 81820",carrie64@hotmail.com
667230218,Donald Young,929-112-6985x483,"223 Dawson Mall Suite 571
Smithburgh, MS 75952",stanleyhall@hotmail.com
311310607,Louis Gilbert,461.203.7672x451,"530 Brown Corner
Thompsontown, WV 70738",pgreene@hotmail.com
319413369,Marcus Martin,+1-071-678-3536x79738,"PSC 6227, Box 1600
APO AP 14578",jamesjenkins@harmon-randall.com
861461933,Sharon Ingram,270.214.8473x8548,"132 Vargas Turnpike
Danielbury, DE 40715",seanbishop@yahoo.com
61660425,Kyle Martinez,676-110-6562x32575,"USS Greene
FPO AA 26511",haleronald@vargas-hernandez.info
603449840,Elizabeth Rodriguez,(677)161-5260x6354,"3551 Rodriguez Port Apt. 808
Lake Charles, WI 24322",kathyrodriguez@thompson.biz
917844640,Christopher Gomez,001-066-886-7181x1777,"875 Jennifer Oval Suite 067
West Phillipmouth, IL 91337",marcus34@hotmail.com
843106189,Brian Morton,+1-352-961-6835x0739,"431 Rodriguez Estate Suite 894
New Christopherview, TN 74616",garnold@bender-caldwell.com